{
    "rmse": 0.4959060347788432,
    "mae": 0.3287068481594769,
    "r2": 0.8177561915331947
}